Avik Bhattacharyya <avik@anz.com>; Sanjeev Maharjan <Sanjeev.Maharjan@anz.com>; Kent Lee <Kent.Lee@anz.com>; Venkat Suresh Soudam <Suresh.Soudam@anz.com> Andrew Bavage Andrew.Bavage@anz.com

 

ABDULAZEEZ RABI <ABDULAZEEZ.RABI@anz.com>
Asutosh Behera <Asutosh.Behera@anz.com>
Ayan Dasgupta <Ayan.Dasgupta@anz.com>
Bacham Nagendrababu <Nagendrababu.Bacham@anz.com>
Brahmanand Kadam <Brahmanand.Kadam@anz.com>
Deeksha B <Deeksha.Prasad@anz.com>
Derin Lal Thanislas <Derin.LalThanislas@anz.com>
J Sreenivasan <Sreenivasan.J2@anz.com>
Johan Moses <johan.moses@anz.com>
Muthu Vignesh Maruthappan <MuthuVignesh.M@anz.com>
Nagendra Kanaradi <Nagendra.Kanaradi@anz.com>
Rakesh Darpe <Rakesh.Darpe@anz.com>
Santosh Mahapatra <Santosh.Mahapatra@anz.com>
Satyanarayana Vyshnapu <Satyanarayana.Vyshnapu@anz.com> 
Nagendra Kanaradi <Nagendra.Kanaradi@anz.com>
Rakesh Darpe <Rakesh.Darpe@anz.com>
Kai kai.liu@anz.com
Paul Foster pafoster@redhat.com
Grant godell@redhat.com
Suresh sgaikwad@redhat.com
andrew Bavage abavage@redhat.com